,video,frames
0,Vandalism017_x264,1011
1,Assault010_x264,16177
2,Burglary005_x264,7729
3,Shooting011_x264,4003
4,Explosion007_x264,16289
5,RoadAccidents121_x264,1835
6,RoadAccidents004_x264,389
7,Vandalism007_x264,1146
8,Shooting047_x264,8287
9,Shooting024_x264,2003
10,RoadAccidents020_x264,1773
11,Arson007_x264,6252
12,Fighting018_x264,1389
13,Arrest007_x264,3144
14,Explosion028_x264,1705
15,Shoplifting031_x264,447
16,Arson022_x264,8640
17,Burglary021_x264,1537
18,Explosion004_x264,1902
19,RoadAccidents123_x264,1005
20,Shoplifting015_x264,2256
21,Shoplifting049_x264,2149
22,Vandalism028_x264,4495
23,Shooting008_x264,1625
24,Shooting037_x264,305
25,Burglary024_x264,3605
26,Shoplifting034_x264,11937
27,Explosion035_x264,2865
28,Shoplifting020_x264,5770
29,Explosion027_x264,776
30,Abuse030_x264,1544
31,Burglary032_x264,15795
32,RoadAccidents017_x264,243
33,Shoplifting022_x264,2191
34,Stealing058_x264,4991
35,Stealing036_x264,2503
36,Shoplifting017_x264,457
37,Assault011_x264,2288
38,RoadAccidents124_x264,1495
39,Shooting026_x264,1403
40,Assault006_x264,8096
41,Burglary017_x264,2113
42,Shooting019_x264,2756
43,Fighting033_x264,1105
44,RoadAccidents128_x264,565
45,RoadAccidents019_x264,1314
46,Explosion010_x264,2498
47,Shooting028_x264,1898
48,Explosion036_x264,5327
49,Shoplifting010_x264,2736
50,Shooting034_x264,1409
51,Shoplifting037_x264,1386
52,Robbery048_x264,1409
53,Explosion025_x264,505
54,Arrest039_x264,15835
55,RoadAccidents127_x264,2580
56,RoadAccidents125_x264,1771
57,Burglary092_x264,625
58,Fighting003_x264,3102
59,RoadAccidents012_x264,468
60,Vandalism036_x264,1443
61,Burglary037_x264,1920
62,Arson016_x264,1795
63,Shoplifting029_x264,2176
64,Abuse028_x264,1412
65,Robbery050_x264,1701
66,Shooting004_x264,1793
67,Shooting015_x264,1713
68,RoadAccidents122_x264,647
69,Shoplifting005_x264,1967
70,RoadAccidents009_x264,918
71,Explosion022_x264,3594
72,Explosion013_x264,3317
73,RoadAccidents022_x264,716
74,Fighting047_x264,4459
75,Arson041_x264,3754
76,Shooting021_x264,1275
77,RoadAccidents011_x264,2159
78,Robbery102_x264,1827
79,Shoplifting039_x264,2803
80,Explosion020_x264,1291
81,RoadAccidents132_x264,1862
82,Burglary035_x264,4050
83,Shooting010_x264,2641
84,Robbery106_x264,1197
85,Burglary061_x264,8990
86,Explosion033_x264,3154
87,Shooting048_x264,2741
88,Shoplifting044_x264,14555
89,RoadAccidents133_x264,673
90,Explosion011_x264,1571
91,Arrest024_x264,3629
92,Shoplifting004_x264,6673
93,Arrest001_x264,2374
94,Shooting002_x264,1206
95,Burglary033_x264,1259
96,Arson035_x264,1437
97,Explosion021_x264,782
98,Explosion017_x264,1643
99,Arson011_x264,1266
100,Shooting013_x264,1073
101,Stealing019_x264,4911
102,Shoplifting027_x264,1873
103,Shooting018_x264,1799
104,Vandalism015_x264,2982
105,RoadAccidents002_x264,347
106,Shoplifting007_x264,5124
107,Shoplifting016_x264,1483
108,Shooting007_x264,1430
109,RoadAccidents016_x264,2192
110,Shoplifting021_x264,3551
111,Robbery137_x264,2193
112,Shooting032_x264,21681
113,Explosion029_x264,2410
114,Shooting046_x264,5088
115,Shoplifting033_x264,899
116,Shoplifting028_x264,1357
117,Stealing062_x264,1560
118,RoadAccidents010_x264,528
119,Shooting043_x264,1874
120,Arson010_x264,3159
121,Arson009_x264,743
122,Shooting022_x264,4554
123,Explosion039_x264,998
124,Fighting042_x264,2237
125,Arrest030_x264,8642
126,Shoplifting001_x264,4344
127,Explosion008_x264,1748
128,Explosion002_x264,4013
129,Shooting033_x264,3630
130,Burglary076_x264,12923
131,Stealing079_x264,5846
132,Explosion016_x264,963
133,Burglary018_x264,1125
134,RoadAccidents021_x264,155
135,Burglary079_x264,14853
136,Arson018_x264,842
137,RoadAccidents001_x264,1366
138,Explosion043_x264,7646
139,RoadAccidents131_x264,1524
140,Normal_Videos_034_x264,1318
141,Normal_Videos_891_x264,1800
142,Normal_Videos_892_x264,1770
143,Normal_Videos_931_x264,1765
144,Normal_Videos_927_x264,1633
145,Normal_Videos_597_x264,2229
146,Normal_Videos_894_x264,2575
147,Normal_Videos_941_x264,2020
148,Normal_Videos_873_x264,1799
149,Normal_Videos_924_x264,107997
150,Normal_Videos_401_x264,1626
151,Normal_Videos_923_x264,18224
152,Normal_Videos_881_x264,224
153,Normal_Videos_884_x264,9029
154,Normal_Videos_872_x264,530
155,Normal_Videos_932_x264,1784
156,Normal_Videos_898_x264,1005
157,Normal_Videos_196_x264,2004
158,Normal_Videos_033_x264,1680
159,Normal_Videos_904_x264,908
160,Normal_Videos_909_x264,870
161,Normal_Videos_360_x264,984
162,Normal_Videos_015_x264,480
163,Normal_Videos_798_x264,6001
164,Normal_Videos_885_x264,474
165,Normal_Videos_048_x264,1650
166,Normal_Videos_831_x264,448
167,Normal_Videos_828_x264,930
168,Normal_Videos_877_x264,10025
169,Normal_Videos_217_x264,1817
170,Normal_Videos_365_x264,6626
171,Normal_Videos_042_x264,3154
172,Normal_Videos_025_x264,602
173,Normal_Videos_150_x264,864
174,Normal_Videos_686_x264,2410
175,Normal_Videos_936_x264,1150
176,Normal_Videos_702_x264,2523
177,Normal_Videos_717_x264,1255
178,Normal_Videos_915_x264,1245
179,Normal_Videos_939_x264,801
180,Normal_Videos_248_x264,1140
181,Normal_Videos_938_x264,4827
182,Normal_Videos_868_x264,2401
183,Normal_Videos_876_x264,351
184,Normal_Videos_634_x264,13459
185,Normal_Videos_901_x264,1170
186,Normal_Videos_606_x264,1233
187,Normal_Videos_722_x264,8731
188,Normal_Videos_781_x264,3975
189,Normal_Videos_417_x264,1077
190,Normal_Videos_603_x264,3277
191,Normal_Videos_704_x264,1694
192,Normal_Videos_014_x264,1499
193,Normal_Videos_899_x264,1380
194,Normal_Videos_289_x264,863
195,Normal_Videos_801_x264,2744
196,Normal_Videos_874_x264,4226
197,Normal_Videos_912_x264,746
198,Normal_Videos_656_x264,1815
199,Normal_Videos_886_x264,2747
200,Normal_Videos_934_x264,1765
201,Normal_Videos_621_x264,4802
202,Normal_Videos_911_x264,776
203,Normal_Videos_453_x264,5322
204,Normal_Videos_018_x264,1181
205,Normal_Videos_345_x264,209
206,Normal_Videos_902_x264,1384
207,Normal_Videos_189_x264,737
208,Normal_Videos_067_x264,1068
209,Normal_Videos_024_x264,1076
210,Normal_Videos_929_x264,924
211,Normal_Videos_247_x264,8211
212,Normal_Videos_641_x264,3600
213,Normal_Videos_933_x264,1771
214,Normal_Videos_783_x264,9590
215,Normal_Videos_943_x264,1020
216,Normal_Videos_914_x264,880
217,Normal_Videos_896_x264,2303
218,Normal_Videos_895_x264,3030
219,Normal_Videos_317_x264,929
220,Normal_Videos_576_x264,11275
221,Normal_Videos_050_x264,4198
222,Normal_Videos_910_x264,567
223,Normal_Videos_930_x264,3187
224,Normal_Videos_006_x264,450
225,Normal_Videos_725_x264,920
226,Normal_Videos_745_x264,305
227,Normal_Videos_866_x264,1198
228,Normal_Videos_778_x264,1262
229,Normal_Videos_175_x264,8847
230,Normal_Videos_893_x264,6374
231,Normal_Videos_478_x264,4502
232,Normal_Videos_870_x264,601
233,Normal_Videos_907_x264,598
234,Normal_Videos_940_x264,36017
235,Normal_Videos_710_x264,1797
236,Normal_Videos_210_x264,5408
237,Normal_Videos_051_x264,2358
238,Normal_Videos_906_x264,676
239,Normal_Videos_889_x264,314
240,Normal_Videos_925_x264,7726
241,Normal_Videos_926_x264,1796
242,Normal_Videos_010_x264,1053
243,Normal_Videos_900_x264,1455
244,Normal_Videos_439_x264,4226
245,Normal_Videos_063_x264,355
246,Normal_Videos_935_x264,107994
247,Normal_Videos_882_x264,1654
248,Normal_Videos_168_x264,1740
249,Normal_Videos_879_x264,1143
250,Normal_Videos_937_x264,1150
251,Normal_Videos_203_x264,2571
252,Normal_Videos_019_x264,2843
253,Normal_Videos_875_x264,2565
254,Normal_Videos_129_x264,467
255,Normal_Videos_696_x264,3625
256,Normal_Videos_041_x264,1269
257,Normal_Videos_758_x264,1589
258,Normal_Videos_905_x264,1196
259,Normal_Videos_887_x264,7630
260,Normal_Videos_878_x264,265
261,Normal_Videos_888_x264,574
262,Normal_Videos_003_x264,2822
263,Normal_Videos_944_x264,7170
264,Normal_Videos_928_x264,918
265,Normal_Videos_246_x264,4993
266,Normal_Videos_908_x264,889
267,Normal_Videos_027_x264,4922
268,Normal_Videos_059_x264,1835
269,Normal_Videos_312_x264,1261
270,Normal_Videos_070_x264,993
271,Normal_Videos_251_x264,405
272,Normal_Videos_452_x264,443
273,Normal_Videos_100_x264,627
274,Normal_Videos_782_x264,5543
275,Normal_Videos_352_x264,5403
276,Normal_Videos_880_x264,18054
277,Normal_Videos_883_x264,326
278,Normal_Videos_913_x264,609
279,Normal_Videos_871_x264,4358
280,Normal_Videos_780_x264,2021
281,Normal_Videos_890_x264,3579
282,Normal_Videos_897_x264,875
283,Normal_Videos_182_x264,4094
284,Normal_Videos_869_x264,2401
285,Normal_Videos_224_x264,6958
286,Normal_Videos_867_x264,624
287,Normal_Videos_310_x264,2518
288,Normal_Videos_903_x264,790
289,Normal_Videos_056_x264,1572
